"Reference","Qty","Value","DNP","Exclude from BOM","Exclude from Board","Exclude from Simulation","Exclude from Position Files","Footprint","Datasheet"
"C1","1","220p","","","","","${EXCLUDE_FROM_POS_FILES}","Capacitor_THT:C_Disc_D5.0mm_W2.5mm_P5.00mm",""
"C2","1","820p","","","","","${EXCLUDE_FROM_POS_FILES}","Capacitor_THT:C_Disc_D5.0mm_W2.5mm_P5.00mm",""
"C3,C4","2","1n","","","","","${EXCLUDE_FROM_POS_FILES}","Capacitor_THT:C_Disc_D5.0mm_W2.5mm_P5.00mm",""
"JP7,JP8,JP9,JP10,JP11,JP12,JP13,JP14","8","Jumper_2_Bridged","","","","","${EXCLUDE_FROM_POS_FILES}","TestPoint:TestPoint_2Pads_Pitch2.54mm_Drill0.8mm",""
"Q1,Q2,Q3,Q4,Q7","5","BC547","","","","","${EXCLUDE_FROM_POS_FILES}","Package_TO_SOT_THT:TO-92_Inline","https://www.onsemi.com/pub/Collateral/BC550-D.pdf"
"Q5","1","IRF9Z34N","","","","","${EXCLUDE_FROM_POS_FILES}","Package_TO_SOT_THT:TO-220-3_Vertical","https://ngspice.sourceforge.io/docs/ngspice-html-manual/manual.xhtml#cha_MOSFETs"
"Q9,Q10","2","BC857","","","","","${EXCLUDE_FROM_POS_FILES}","Package_TO_SOT_THT:TO-92_Inline","https://www.onsemi.com/pub/Collateral/BC860-D.pdf"
"R1","1","10k","","","","","${EXCLUDE_FROM_POS_FILES}","Resistor_THT:R_Axial_DIN0207_L6.3mm_D2.5mm_P10.16mm_Horizontal",""
"R2","1","RL","","","","","${EXCLUDE_FROM_POS_FILES}","TerminalBlock:TerminalBlock_MaiXu_MX126-5.0-02P_1x02_P5.00mm",""
"R3","1","10k","","","","","${EXCLUDE_FROM_POS_FILES}","Resistor_THT:R_Axial_DIN0204_L3.6mm_D1.6mm_P5.08mm_Horizontal",""
"R4","1","1k8","","","","","${EXCLUDE_FROM_POS_FILES}","Resistor_THT:R_Axial_DIN0204_L3.6mm_D1.6mm_P5.08mm_Horizontal",""
"R5,R6","2","39k","","","","","${EXCLUDE_FROM_POS_FILES}","Resistor_THT:R_Axial_DIN0204_L3.6mm_D1.6mm_P5.08mm_Horizontal",""
"R7,R8,R15","3","1k","","","","","${EXCLUDE_FROM_POS_FILES}","Resistor_THT:R_Axial_DIN0204_L3.6mm_D1.6mm_P5.08mm_Horizontal",""
"R9","1","47k","","","","","${EXCLUDE_FROM_POS_FILES}","Resistor_THT:R_Axial_DIN0204_L3.6mm_D1.6mm_P5.08mm_Horizontal",""
"R10","1","47k","","","","","${EXCLUDE_FROM_POS_FILES}","Resistor_THT:R_Axial_DIN0207_L6.3mm_D2.5mm_P10.16mm_Horizontal",""
"R11,RF1","2","330k","","","","","${EXCLUDE_FROM_POS_FILES}","Resistor_THT:R_Axial_DIN0204_L3.6mm_D1.6mm_P5.08mm_Horizontal",""
"R12,R17","2","2k2","","","","","${EXCLUDE_FROM_POS_FILES}","Resistor_THT:R_Axial_DIN0207_L6.3mm_D2.5mm_P10.16mm_Horizontal",""
"R13,R14","2","100","","","","","${EXCLUDE_FROM_POS_FILES}","Resistor_THT:R_Axial_DIN0207_L6.3mm_D2.5mm_P10.16mm_Horizontal",""
"R16","1","7k8","","","","","${EXCLUDE_FROM_POS_FILES}","Resistor_THT:R_Axial_DIN0204_L3.6mm_D1.6mm_P5.08mm_Horizontal",""
"RS1","1","100m","","","","","${EXCLUDE_FROM_POS_FILES}","Resistor_THT:R_Axial_DIN0414_L11.9mm_D4.5mm_P15.24mm_Horizontal",""
"RZ1","1","1k","","","","","${EXCLUDE_FROM_POS_FILES}","Resistor_THT:R_Axial_DIN0207_L6.3mm_D2.5mm_P10.16mm_Horizontal",""
"U1","1","TL431LP","","","","","${EXCLUDE_FROM_POS_FILES}","Package_TO_SOT_THT:TO-92_Inline","http://www.ti.com/lit/ds/symlink/tl431.pdf"
"U2","1","LM358","","","","","${EXCLUDE_FROM_POS_FILES}","Package_DIP:DIP-8_W7.62mm_Socket_LongPads","http://www.ti.com/lit/ds/symlink/lm2904-n.pdf"
"V1","1","12","","","","","${EXCLUDE_FROM_POS_FILES}","TerminalBlock:TerminalBlock_MaiXu_MX126-5.0-02P_1x02_P5.00mm","https://ngspice.sourceforge.io/docs/ngspice-html-manual/manual.xhtml#sec_Independent_Sources_for"
